Booking_ID,Passenger_ID,Flight_ID,Booking_Date,Seat_Class,Ticket_Price,Cost_NGN,,
BK00001,P00241,FL00730,10/1/2022,Economy,84737,65182,,
BK00002,P00413,FL00717,10/1/2022,Business,990460,761892,,
BK00003,P00390,FL00480,10/2/2022,Economy,395879,304522,,
BK00004,P00013,FL00165,10/2/2022,Economy,431561,331970,,
BK00005,P00448,FL00977,10/3/2022,First Class,2033182,1563986,,
BK00006,P00266,FL00871,10/4/2022,Business,1013513,779625,,
BK00007,P00165,FL00080,10/4/2022,Business,1511071,1162362,,
BK00008,P00212,FL00816,10/5/2022,Economy,520532,400409,,
BK00009,P00268,FL00751,10/6/2022,Business,664115,510858,,
BK00010,P00438,FL00509,10/6/2022,Economy,326960,251508,,
BK00011,P00449,FL00271,10/7/2022,Economy,449631,345870,,
BK00012,P00251,FL00059,10/8/2022,Business,976645,751265,,
BK00013,P00207,FL00180,10/8/2022,Economy,363630,279715,,
BK00014,P00093,FL00765,10/9/2022,Economy,68154,52426,,
BK00015,P00059,FL00309,10/10/2022,First Class,1044216,803243,,
BK00016,P00274,FL00086,10/10/2022,Economy,337788,259837,,
BK00017,P00280,FL00184,10/11/2022,Business,311904,239926,,
BK00018,P00197,FL00399,10/12/2022,Economy,48569,37361,,
BK00019,P00447,FL00899,10/12/2022,Economy,402887,309913,,
BK00020,P00222,FL00412,10/13/2022,Economy,622522,478863,,
BK00021,P00448,FL00929,10/14/2022,Business,770962,593048,,
BK00022,P00135,FL00936,10/14/2022,Economy,181529,139638,,
BK00023,P00126,FL00568,10/15/2022,Economy,525474,404211,,
BK00024,P00415,FL00176,10/16/2022,Business,189749,145961,,
BK00025,P00460,FL00167,10/16/2022,Economy,82148,63191,,
BK00026,P00372,FL00327,10/17/2022,Economy,401904,309157,,
BK00027,P00029,FL00967,10/18/2022,Economy,308116,237012,,
BK00028,P00330,FL00688,10/18/2022,Economy,457803,352156,,
BK00029,P00237,FL00649,10/19/2022,Economy,384713,295933,,
BK00030,P00135,FL00265,10/20/2022,Business,141571,108901,,
BK00031,P00499,FL00626,10/20/2022,Business,912243,701725,,
BK00032,P00298,FL00762,10/21/2022,Economy,417032,320794,,
BK00033,P00020,FL00458,10/22/2022,Business,929183,714756,,
BK00034,P00037,FL00069,10/22/2022,Business,1019715,784396,,
BK00035,P00381,FL00867,10/23/2022,Economy,368505,283465,,
BK00036,P00301,FL00809,10/24/2022,Business,612295,470996,,
BK00037,P00342,FL00640,10/24/2022,Economy,213584,164295,,
BK00038,P00150,FL00812,10/25/2022,Economy,469729,361330,,
BK00039,P00115,FL00415,10/26/2022,Economy,352885,271450,,
BK00040,P00154,FL00594,10/26/2022,Economy,304252,234040,,
BK00041,P00252,FL00122,10/27/2022,Economy,528316,406397,,
BK00042,P00058,FL00475,10/28/2022,Business,156391,120301,,
BK00043,P00473,FL00487,10/28/2022,Business,1011901,778385,,
BK00044,P00421,FL00366,10/29/2022,Economy,171244,131726,,
BK00045,P00152,FL00336,10/30/2022,First Class,1555063,1196202,,
BK00046,P00495,FL00359,10/30/2022,Business,865740,665954,,
BK00047,P00245,FL00398,10/31/2022,Economy,92598,71229,,
BK00048,P00260,FL00511,11/1/2022,First Class,1267000,974615,,
BK00049,P00341,FL00882,11/1/2022,Business,301779,232138,,
BK00050,P00173,FL00940,11/2/2022,Economy,49546,38112,,
BK00051,P00417,FL00373,11/2/2022,Business,565124,434711,,
BK00052,P00072,FL00108,11/3/2022,Economy,180812,139086,,
BK00053,P00272,FL00398,11/4/2022,Economy,94302,72540,,
BK00054,P00081,FL00256,11/4/2022,Economy,505792,389071,,
BK00055,P00041,FL00235,11/5/2022,Economy,652679,502061,,
BK00056,P00249,FL00857,11/6/2022,Business,163015,125396,,
BK00057,P00080,FL00948,11/6/2022,Economy,563380,433369,,
BK00058,P00348,FL00482,11/7/2022,Economy,80912,62240,,
BK00059,P00071,FL00398,11/8/2022,Economy,76492,58840,,
BK00060,P00479,FL00308,11/8/2022,Economy,843296,648689,,
BK00061,P00242,FL00099,11/9/2022,Economy,410748,315960,,
BK00062,P00408,FL00795,11/10/2022,Economy,90513,69625,,
BK00063,P00077,FL00530,11/10/2022,Economy,146598,112768,,
BK00064,P00177,FL00652,11/11/2022,Economy,488163,375510,,
BK00065,P00092,FL00172,11/12/2022,Economy,337719,259784,,
BK00066,P00238,FL00179,11/12/2022,Economy,396803,305233,,
BK00067,P00083,FL00019,11/13/2022,Business,260264,200203,,
BK00068,P00164,FL00763,11/14/2022,Economy,497402,382617,,
BK00069,P00304,FL00920,11/14/2022,First Class,1318368,1014129,,
BK00070,P00375,FL00170,11/15/2022,Economy,608046,467728,,
BK00071,P00157,FL00743,11/16/2022,Economy,57659,44353,,
BK00072,P00018,FL00565,11/16/2022,Economy,758167,583205,,
BK00073,P00196,FL00385,11/17/2022,First Class,171808,132160,,
BK00074,P00219,FL00727,11/18/2022,Economy,692429,532638,,
BK00075,P00008,FL00252,11/18/2022,Economy,272978,209983,,
BK00076,P00224,FL00131,11/19/2022,Economy,84078,64675,,
BK00077,P00026,FL00608,11/20/2022,Economy,421530,324254,,
BK00078,P00168,FL00484,11/20/2022,Economy,392313,301779,,
BK00079,P00208,FL00160,11/21/2022,Economy,312959,240738,,
BK00080,P00437,FL00011,11/22/2022,Economy,81778,62906,,
BK00081,P00028,FL00984,11/22/2022,Economy,475591,365839,,
BK00082,P00255,FL00640,11/23/2022,Economy,241350,185654,,
BK00083,P00283,FL00318,11/24/2022,Economy,165790,127531,,
BK00084,P00234,FL00793,11/24/2022,Economy,513115,394704,,
BK00085,P00142,FL00942,11/25/2022,Business,250357,192582,,
BK00086,P00082,FL00592,11/26/2022,Business,716741,551339,,
BK00087,P00243,FL00383,11/26/2022,Economy,525442,404186,,
BK00088,P00015,FL00056,11/27/2022,Economy,58733,45179,,
BK00089,P00144,FL00609,11/28/2022,Economy,323106,248543,,
BK00090,P00040,FL00735,11/28/2022,Economy,696977,536136,,
BK00091,P00245,FL00699,11/29/2022,Economy,148918,114552,,
BK00092,P00175,FL00155,11/30/2022,Economy,701121,539324,,
BK00093,P00300,FL00993,11/30/2022,Economy,512660,394354,,
BK00094,P00192,FL00813,12/1/2022,Business,1026306,789466,,
BK00095,P00278,FL00730,12/2/2022,Business,148105,113927,,
BK00096,P00029,FL00303,12/2/2022,Economy,362898,279152,,
BK00097,P00024,FL00521,12/3/2022,First Class,899603,692002,,
BK00098,P00357,FL00172,12/3/2022,Economy,329723,253633,,
BK00099,P00378,FL00462,12/4/2022,Economy,78017,60013,,
BK00100,P00465,FL01000,12/5/2022,Economy,543932,418409,,
BK00101,P00257,FL00155,12/5/2022,First Class,2637843,2029110,,
BK00102,P00161,FL00277,12/6/2022,Economy,439941,338416,,
BK00103,P00335,FL00307,12/7/2022,Economy,104222,80171,,
BK00104,P00221,FL00246,12/7/2022,Business,851620,655092,,
BK00105,P00373,FL00785,12/8/2022,Economy,361035,277719,,
BK00106,P00341,FL00337,12/9/2022,Business,851132,654717,,
BK00107,P00170,FL00839,12/9/2022,Economy,383964,295357,,
BK00108,P00057,FL00381,12/10/2022,Economy,747997,575382,,
BK00109,P00325,FL00527,12/11/2022,Economy,426160,327815,,
BK00110,P00469,FL00119,12/11/2022,Business,121479,93445,,
BK00111,P00496,FL00490,12/12/2022,Business,703274,540980,,
BK00112,P00415,FL00533,12/13/2022,Economy,535075,411596,,
BK00113,P00245,FL00655,12/13/2022,Economy,520891,400685,,
BK00114,P00185,FL00293,12/14/2022,Economy,403098,310075,,
BK00115,P00324,FL00398,12/15/2022,First Class,255570,196592,,
BK00116,P00408,FL00865,12/15/2022,Business,827438,636491,,
BK00117,P00235,FL00088,12/16/2022,Economy,710858,546814,,
BK00118,P00052,FL00976,12/17/2022,Business,952654,732811,,
BK00119,P00428,FL00221,12/17/2022,First Class,266535,205027,,
BK00120,P00382,FL00363,12/18/2022,Economy,134603,103541,,
BK00121,P00492,FL00298,12/19/2022,Economy,81591,62762,,
BK00122,P00027,FL00708,12/19/2022,Economy,469841,361416,,
BK00123,P00319,FL00052,12/20/2022,First Class,360359,277199,,
BK00124,P00363,FL00820,12/21/2022,Economy,427268,328668,,
BK00125,P00197,FL00260,12/21/2022,Economy,467904,359926,,
BK00126,P00336,FL00732,12/22/2022,Economy,149678,115137,,
BK00127,P00002,FL00255,12/23/2022,Economy,83851,64501,,
BK00128,P00299,FL00710,12/23/2022,Economy,457734,352103,,
BK00129,P00212,FL00393,12/24/2022,Economy,433580,333523,,
BK00130,P00329,FL00131,12/25/2022,Economy,77678,59752,,
BK00131,P00063,FL00913,12/25/2022,Economy,125514,96549,,
BK00132,P00325,FL00617,12/26/2022,Economy,741775,570596,,
BK00133,P00259,FL00412,12/27/2022,Business,1113616,856628,,
BK00134,P00443,FL00045,12/27/2022,Economy,510943,393033,,
BK00135,P00009,FL00193,12/28/2022,Economy,471899,362999,,
BK00136,P00282,FL00495,12/29/2022,Economy,499747,384421,,
BK00137,P00266,FL00030,12/29/2022,Business,700968,539206,,
BK00138,P00399,FL00918,12/30/2022,Economy,265629,204330,,
BK00139,P00148,FL00330,12/31/2022,Economy,491416,378012,,
BK00140,P00129,FL00949,12/31/2022,Economy,189367,145667,,
BK00141,P00072,FL00462,1/1/2023,First Class,215376,165674,,
BK00142,P00271,FL00029,1/2/2023,Economy,453184,348603,,
BK00143,P00107,FL00060,1/2/2023,Economy,557291,428685,,
BK00144,P00052,FL00658,1/3/2023,Business,943630,725869,,
BK00145,P00316,FL00089,1/3/2023,Economy,130820,100631,,
BK00146,P00111,FL00246,1/4/2023,Economy,487187,374759,,
BK00147,P00128,FL00678,1/5/2023,First Class,1577801,1213693,,
BK00148,P00195,FL00128,1/5/2023,First Class,320733,246718,,
BK00149,P00111,FL00395,1/6/2023,Economy,449129,345484,,491864.6503
BK00150,P00101,FL00224,1/7/2023,Economy,69536,53489,,
BK00151,P00120,FL00098,1/7/2023,Economy,94042,72340,,
BK00152,P00250,FL00572,1/8/2023,Economy,511898,393768,,
BK00153,P00186,FL00883,1/9/2023,Economy,510903,393002,,
BK00154,P00281,FL00162,1/9/2023,Economy,342450,263423,,
BK00155,P00474,FL00887,1/10/2023,Economy,340789,262145,,
BK00156,P00467,FL00035,1/11/2023,Economy,66442,51109,,
BK00157,P00264,FL00243,1/11/2023,First Class,1077376,828751,,
BK00158,P00271,FL00541,1/12/2023,Business,940458,723429,,
BK00159,P00028,FL00467,1/13/2023,Economy,397548,305806,,
BK00160,P00322,FL00311,1/13/2023,Economy,427808,329083,,
BK00161,P00074,FL00543,1/14/2023,Economy,702589,540453,,
BK00162,P00485,FL00147,1/15/2023,First Class,1675618,1288937,,
BK00163,P00395,FL00555,1/15/2023,Business,287095,220842,,
BK00164,P00028,FL00306,1/16/2023,Economy,499529,384253,,
BK00165,P00101,FL00887,1/17/2023,Economy,308060,236969,,
BK00166,P00296,FL00682,1/17/2023,Business,644948,496114,,
BK00167,P00074,FL00156,1/18/2023,Economy,63937,49182,,
BK00168,P00236,FL00455,1/19/2023,First Class,1824369,1403361,,
BK00169,P00348,FL00977,1/19/2023,Economy,761314,585626,,
BK00170,P00441,FL00102,1/20/2023,Economy,521520,401169,,
BK00171,P00091,FL00973,1/21/2023,Business,670968,516129,,
BK00172,P00424,FL00875,1/21/2023,Economy,170002,130771,,
BK00173,P00250,FL00482,1/22/2023,Business,143746,110574,,
BK00174,P00456,FL00915,1/23/2023,Economy,363462,279586,,
BK00175,P00165,FL00988,1/23/2023,First Class,246195,189381,,
BK00176,P00405,FL00856,1/24/2023,Business,838215,644781,,
BK00177,P00204,FL00286,1/25/2023,Business,941519,724245,,
BK00178,P00244,FL00945,1/25/2023,Economy,482041,370801,,
BK00179,P00013,FL00907,1/26/2023,Economy,453946,349189,,
BK00180,P00448,FL00456,1/27/2023,First Class,1186767,912898,,
BK00181,P00284,FL00590,1/27/2023,Economy,368707,283621,,
BK00182,P00213,FL00013,1/28/2023,Economy,443245,340958,,
BK00183,P00254,FL00302,1/29/2023,Economy,471129,362407,,
BK00184,P00320,FL00460,1/29/2023,Economy,489223,376325,,
BK00185,P00067,FL00325,1/30/2023,First Class,1194634,918949,,
BK00186,P00485,FL00172,1/31/2023,Economy,355671,273593,,
BK00187,P00475,FL00284,1/31/2023,Economy,71553,55041,,
BK00188,P00120,FL00614,2/1/2023,Business,738335,567950,,
BK00189,P00047,FL00935,2/2/2023,Economy,492215,378627,,
BK00190,P00377,FL00159,2/2/2023,Economy,500917,385321,,
BK00191,P00257,FL00405,2/3/2023,Economy,239348,184114,,
BK00192,P00401,FL00905,2/4/2023,First Class,524625,403558,,
BK00193,P00054,FL00571,2/4/2023,Economy,522365,401819,,
BK00194,P00309,FL00006,2/5/2023,Economy,505993,389225,,
BK00195,P00232,FL00686,2/5/2023,Business,753804,579849,,
BK00196,P00052,FL00222,2/6/2023,Economy,496088,381606,,
BK00197,P00019,FL00541,2/7/2023,Economy,520766,400589,,
BK00198,P00419,FL00618,2/7/2023,Economy,416787,320605,,
BK00199,P00261,FL00186,2/8/2023,First Class,1304272,1003286,,
BK00200,P00224,FL00762,2/9/2023,Economy,393721,302862,,
BK00201,P00194,FL00632,2/9/2023,Economy,169463,130356,,
BK00202,P00093,FL00058,2/10/2023,Business,280047,215421,,
BK00203,P00364,FL00774,2/11/2023,Economy,91517,70398,,
BK00204,P00088,FL00456,2/11/2023,Economy,415289,319453,,
BK00205,P00296,FL00937,2/12/2023,Economy,130321,100247,,
BK00206,P00080,FL00199,2/13/2023,Economy,315011,242316,,
BK00207,P00289,FL00172,2/13/2023,Economy,287619,221245,,
BK00208,P00420,FL00879,2/14/2023,Economy,340661,262047,,
BK00209,P00477,FL00423,2/15/2023,Economy,416850,320654,,
BK00210,P00104,FL00216,2/15/2023,Business,516316,397166,,
BK00211,P00203,FL00848,2/16/2023,Economy,77071,59285,,
BK00212,P00481,FL00216,2/17/2023,Economy,279582,215063,,
BK00213,P00027,FL00696,2/17/2023,Economy,511715,393627,,
BK00214,P00103,FL00365,2/18/2023,Economy,311796,239843,,
BK00215,P00414,FL00616,2/19/2023,Business,154189,118607,,
BK00216,P00418,FL00653,2/19/2023,Economy,410665,315896,,
BK00217,P00384,FL00706,2/20/2023,Economy,396144,304726,,
BK00218,P00274,FL00682,2/21/2023,First Class,1229176,945520,,
BK00219,P00037,FL00778,2/21/2023,Economy,50904,39157,,
BK00220,P00265,FL00657,2/22/2023,First Class,307605,236619,,
BK00221,P00119,FL00392,2/23/2023,Economy,502711,386701,,
BK00222,P00233,FL00942,2/23/2023,Economy,144804,111388,,
BK00223,P00232,FL00794,2/24/2023,Business,980012,753855,,
BK00224,P00014,FL00971,2/25/2023,Business,846689,651299,,
BK00225,P00381,FL00028,2/25/2023,Business,960838,739106,,
BK00226,P00333,FL00511,2/26/2023,Economy,399621,307401,,
BK00227,P00331,FL00487,2/27/2023,Economy,552503,425002,,
BK00228,P00234,FL00239,2/27/2023,First Class,1483929,1141484,,
BK00229,P00113,FL00334,2/28/2023,First Class,192050,147731,,
BK00230,P00446,FL00097,3/1/2023,Economy,534286,410989,,
BK00231,P00230,FL00376,3/1/2023,Economy,358076,275443,,
BK00232,P00312,FL00260,3/2/2023,Economy,497715,382858,,
BK00233,P00095,FL00475,3/3/2023,Business,147144,113188,,
BK00234,P00009,FL00884,3/3/2023,Economy,101644,78188,,
BK00235,P00087,FL00673,3/4/2023,Economy,81526,62712,,
BK00236,P00141,FL00898,3/5/2023,Economy,299647,230498,,
BK00237,P00371,FL00434,3/5/2023,Economy,529575,407365,,
BK00238,P00136,FL00285,3/6/2023,Economy,309618,238168,,
BK00239,P00258,FL00562,3/7/2023,Economy,409445,314958,,
BK00240,P00234,FL00134,3/7/2023,Economy,554835,426796,,
BK00241,P00217,FL00849,3/8/2023,First Class,444965,342281,,
BK00242,P00147,FL00013,3/8/2023,Economy,547153,420887,,
BK00243,P00293,FL00827,3/9/2023,Business,135108,103929,,
BK00244,P00497,FL00939,3/10/2023,Economy,630299,484845,,
BK00245,P00279,FL00985,3/10/2023,Economy,57651,44347,,
BK00246,P00356,FL00141,3/11/2023,Business,120660,92815,,
BK00247,P00384,FL00294,3/12/2023,Economy,145616,112012,,
BK00248,P00189,FL00776,3/12/2023,Business,635983,489218,,
BK00249,P00463,FL00236,3/13/2023,First Class,1116066,858512,,
BK00250,P00022,FL00430,3/14/2023,Business,142477,109598,,
BK00251,P00086,FL00179,3/14/2023,Business,933546,718112,,
BK00252,P00084,FL00506,3/15/2023,Economy,533865,410665,,
BK00253,P00280,FL00343,3/16/2023,Business,610120,469323,,
BK00254,P00068,FL00509,3/16/2023,Economy,360136,277028,,
BK00255,P00178,FL00448,3/17/2023,Economy,85134,65488,,
BK00256,P00223,FL00527,3/18/2023,Economy,447379,344138,,
BK00257,P00409,FL00949,3/18/2023,Business,331807,255236,,
BK00258,P00247,FL00137,3/19/2023,Economy,118825,91404,,
BK00259,P00433,FL00343,3/20/2023,Business,582080,447754,,
BK00260,P00414,FL00822,3/20/2023,Economy,490624,377403,,
BK00261,P00100,FL00492,3/21/2023,Economy,438369,337207,,
BK00262,P00412,FL00392,3/22/2023,Economy,524882,403755,,
BK00263,P00208,FL00376,3/22/2023,Economy,378170,290900,,
BK00264,P00380,FL00012,3/23/2023,Business,887598,682768,,
BK00265,P00306,FL00608,3/24/2023,Economy,468228,360175,,
BK00266,P00179,FL00925,3/24/2023,Business,672614,517395,,
BK00267,P00272,FL00924,3/25/2023,Economy,90266,69435,,
BK00268,P00273,FL00621,3/26/2023,Economy,106795,82150,,
BK00269,P00421,FL00480,3/26/2023,Economy,324353,249502,,
BK00270,P00121,FL00369,3/27/2023,Business,91348,70268,,
BK00271,P00497,FL00496,3/28/2023,Economy,715034,550026,,
BK00272,P00215,FL00069,3/28/2023,Business,1043597,802767,,
BK00273,P00057,FL00145,3/29/2023,Business,922929,709945,,
BK00274,P00454,FL00923,3/30/2023,Economy,83516,64243,,
BK00275,P00483,FL00110,3/30/2023,Business,758213,583241,,
BK00276,P00476,FL00563,3/31/2023,Economy,142025,109250,,
BK00277,P00219,FL00042,4/1/2023,Economy,612349,471038,,
BK00278,P00062,FL00678,4/1/2023,First Class,1411305,1085619,,
BK00279,P00436,FL00178,4/2/2023,Business,803436,618028,,
BK00280,P00317,FL00777,4/3/2023,Economy,306254,235580,,
BK00281,P00246,FL00464,4/3/2023,Business,820593,631225,,
BK00282,P00321,FL00522,4/4/2023,Economy,120827,92944,,
BK00283,P00274,FL00790,4/5/2023,Economy,482087,370836,,
BK00284,P00310,FL00963,4/5/2023,Economy,128241,98647,,
BK00285,P00026,FL00356,4/6/2023,Economy,84549,65038,,
BK00286,P00363,FL00695,4/7/2023,Economy,370053,284656,,
BK00287,P00143,FL00631,4/7/2023,First Class,1273741,979801,,
BK00288,P00407,FL00870,4/8/2023,Economy,62306,47928,,
BK00289,P00399,FL00807,4/8/2023,Business,127147,97805,,
BK00290,P00080,FL00476,4/9/2023,Economy,466913,359164,,
BK00291,P00141,FL00706,4/10/2023,First Class,1175057,903890,,
BK00292,P00290,FL00447,4/10/2023,Economy,284293,218687,,
BK00293,P00342,FL00427,4/11/2023,Business,144859,111430,,
BK00294,P00432,FL00290,4/12/2023,Economy,659508,507314,,
BK00295,P00377,FL00353,4/12/2023,Business,930695,715919,,
BK00296,P00370,FL00941,4/13/2023,Business,928227,714021,,
BK00297,P00377,FL00389,4/14/2023,Economy,68151,52424,,
BK00298,P00243,FL00352,4/14/2023,Economy,462131,355485,,
BK00299,P00277,FL00658,4/15/2023,Economy,510155,392427,,
BK00300,P00469,FL00623,4/16/2023,Business,65577,50444,,
BK00301,P00384,FL00251,4/16/2023,First Class,1224553,941964,,
BK00302,P00070,FL00120,4/17/2023,Business,115794,89072,,
BK00303,P00151,FL00810,4/18/2023,Economy,74978,57675,,
BK00304,P00365,FL00401,4/18/2023,Business,887098,682383,,
BK00305,P00316,FL00621,4/19/2023,First Class,295941,227647,,
BK00306,P00431,FL00615,4/20/2023,Economy,449981,346139,,
BK00307,P00344,FL00816,4/20/2023,Economy,564478,434214,,
BK00308,P00055,FL00648,4/21/2023,Business,356208,274006,,
BK00309,P00478,FL00734,4/22/2023,Business,151810,116777,,
BK00310,P00166,FL00961,4/22/2023,First Class,318769,245207,,
BK00311,P00346,FL00443,4/23/2023,Business,969124,745480,,
BK00312,P00068,FL00017,4/24/2023,Business,799180,614754,,
BK00313,P00138,FL00308,4/24/2023,Business,1436741,1105185,,
BK00314,P00183,FL00154,4/25/2023,Economy,80906,62235,,
BK00315,P00360,FL00402,4/26/2023,Economy,415834,319872,,
BK00316,P00458,FL00581,4/26/2023,Economy,493461,379585,,
BK00317,P00488,FL00899,4/27/2023,Economy,360234,277103,,
BK00318,P00258,FL00125,4/28/2023,Economy,470228,361714,,
BK00319,P00162,FL00236,4/28/2023,Economy,450182,346294,,
BK00320,P00492,FL00173,4/29/2023,Economy,62713,48241,,
BK00321,P00217,FL00261,4/30/2023,Business,799903,615310,,
BK00322,P00454,FL00201,4/30/2023,Economy,818864,629895,,
BK00323,P00273,FL00040,5/1/2023,First Class,456469,351130,,
BK00324,P00379,FL00465,5/2/2023,Economy,64164,49357,,
BK00325,P00484,FL00821,5/2/2023,Economy,156328,120252,,
BK00326,P00062,FL00540,5/3/2023,Economy,552370,424900,,
BK00327,P00421,FL00003,5/4/2023,Economy,554971,426901,,
BK00328,P00397,FL00136,5/4/2023,Economy,575143,442418,,
BK00329,P00361,FL00415,5/5/2023,Economy,374141,287801,,
BK00330,P00137,FL00034,5/6/2023,Business,932833,717564,,
BK00331,P00425,FL00581,5/6/2023,First Class,1412787,1086759,,
BK00332,P00260,FL00047,5/7/2023,Economy,586452,451117,,
BK00333,P00377,FL00284,5/8/2023,Business,123721,95170,,
BK00334,P00318,FL00652,5/8/2023,First Class,1443748,1110575,,
BK00335,P00074,FL00993,5/9/2023,First Class,1435160,1103969,,
BK00336,P00112,FL00398,5/10/2023,Economy,82837,63721,,
BK00337,P00370,FL00622,5/10/2023,Business,320119,246245,,
BK00338,P00460,FL00739,5/11/2023,Economy,486814,374472,,
BK00339,P00397,FL00929,5/11/2023,Economy,481008,370006,,
BK00340,P00112,FL00459,5/12/2023,Economy,572129,440099,,
BK00341,P00168,FL00838,5/13/2023,Business,935150,719346,,
BK00342,P00355,FL00490,5/13/2023,Economy,362999,279230,,
BK00343,P00182,FL00932,5/14/2023,Economy,468542,360417,,
BK00344,P00070,FL00011,5/15/2023,Economy,68361,52585,,
BK00345,P00362,FL00409,5/15/2023,Economy,403003,310002,,
BK00346,P00176,FL00663,5/16/2023,Economy,118780,91369,,
BK00347,P00134,FL00424,5/17/2023,Economy,408478,314214,,
BK00348,P00277,FL00667,5/17/2023,Economy,423744,325957,,
BK00349,P00035,FL00342,5/18/2023,Economy,297818,229091,,
BK00350,P00146,FL00494,5/19/2023,Economy,543659,418199,,
BK00351,P00277,FL00549,5/19/2023,Economy,577714,444395,,
BK00352,P00124,FL00828,5/20/2023,Business,1015754,781349,,
BK00353,P00431,FL00925,5/21/2023,Business,712007,547698,,
BK00354,P00083,FL00550,5/21/2023,First Class,700122,538555,,
BK00355,P00215,FL00372,5/22/2023,Business,141627,108944,,
BK00356,P00463,FL00778,5/23/2023,Economy,55012,42317,,
BK00357,P00011,FL00723,5/23/2023,Economy,597141,459339,,
BK00358,P00014,FL00506,5/24/2023,Economy,579935,446104,,
BK00359,P00383,FL00391,5/25/2023,Economy,467756,359812,,
BK00360,P00105,FL00568,5/25/2023,First Class,1424740,1095954,,
BK00361,P00111,FL00273,5/26/2023,First Class,1142773,879056,,
BK00362,P00038,FL00484,5/27/2023,Business,674725,519019,,
BK00363,P00010,FL00048,5/27/2023,Business,834963,642279,,
BK00364,P00044,FL00004,5/28/2023,Economy,469368,361052,,
BK00365,P00237,FL00114,5/29/2023,First Class,2550224,1961711,,
BK00366,P00277,FL00929,5/29/2023,Economy,486160,373969,,
BK00367,P00326,FL00069,5/30/2023,Business,1048016,806166,,
BK00368,P00417,FL00484,5/31/2023,Economy,341897,262998,,
BK00369,P00475,FL00027,5/31/2023,Economy,625348,481037,,
BK00370,P00384,FL00096,6/1/2023,Economy,361349,277961,,
BK00371,P00263,FL00529,6/2/2023,Economy,410826,316020,,
BK00372,P00096,FL00294,6/2/2023,Business,231127,177790,,
BK00373,P00408,FL00180,6/3/2023,Economy,393743,302879,,
BK00374,P00008,FL00337,6/4/2023,Economy,512186,393989,,
BK00375,P00091,FL00658,6/4/2023,Business,895959,689199,,
BK00376,P00387,FL00594,6/5/2023,Economy,334090,256992,,
BK00377,P00115,FL00582,6/6/2023,Economy,163029,125407,,
BK00378,P00207,FL01000,6/6/2023,Business,934226,718635,,
BK00379,P00347,FL00555,6/7/2023,Business,286368,220283,,
BK00380,P00221,FL00901,6/8/2023,Economy,51409,39545,,
BK00381,P00070,FL00898,6/8/2023,Economy,368263,283279,,
BK00382,P00443,FL00989,6/9/2023,Business,328957,253044,,
BK00383,P00176,FL00218,6/10/2023,First Class,837383,644141,,
BK00384,P00057,FL00129,6/10/2023,Business,891444,685726,,
BK00385,P00459,FL00368,6/11/2023,Economy,567519,436553,,
BK00386,P00346,FL00257,6/11/2023,Economy,588812,452932,,
BK00387,P00187,FL00956,6/12/2023,Economy,83069,63899,,
BK00388,P00298,FL00945,6/13/2023,Economy,505922,389171,,
BK00389,P00341,FL00806,6/13/2023,Economy,130004,100003,,
BK00390,P00434,FL00467,6/14/2023,Economy,432379,332599,,
BK00391,P00106,FL00928,6/15/2023,Economy,855862,658355,,
BK00392,P00042,FL00168,6/15/2023,Economy,312441,240339,,
BK00393,P00463,FL00520,6/16/2023,Economy,493502,379617,,
BK00394,P00475,FL00110,6/17/2023,Business,764420,588015,,
BK00395,P00115,FL00049,6/17/2023,Economy,538920,414554,,
BK00396,P00199,FL00833,6/18/2023,Economy,497246,382497,,
BK00397,P00336,FL00712,6/19/2023,Economy,483428,371868,,
BK00398,P00213,FL00967,6/19/2023,First Class,985669,758207,,
BK00399,P00185,FL00599,6/20/2023,Business,426821,328324,,
BK00400,P00126,FL00249,6/21/2023,Economy,536056,412351,,
BK00401,P00151,FL00088,6/21/2023,Economy,789736,607489,,
BK00402,P00259,FL00603,6/22/2023,Economy,433277,333290,,
BK00403,P00433,FL00138,6/23/2023,Economy,462073,355441,,
BK00404,P00356,FL00917,6/23/2023,Economy,476194,366303,,
BK00405,P00310,FL00345,6/24/2023,Business,785919,604553,,
BK00406,P00029,FL00647,6/25/2023,Business,149626,115097,,
BK00407,P00016,FL00770,6/25/2023,Economy,437083,336218,,
BK00408,P00133,FL00839,6/26/2023,Economy,444172,341671,,
BK00409,P00305,FL00544,6/27/2023,First Class,1282689,986684,,
BK00410,P00059,FL00316,6/27/2023,Economy,142094,109303,,
BK00411,P00418,FL00276,6/28/2023,Economy,53884,41449,,
BK00412,P00057,FL00427,6/29/2023,Business,151311,116393,,
BK00413,P00429,FL00368,6/29/2023,Economy,539985,415373,,
BK00414,P00374,FL00764,6/30/2023,Economy,461371,354901,,
BK00415,P00418,FL00006,7/1/2023,Business,897933,690718,,
BK00416,P00340,FL00382,7/1/2023,Economy,458520,352708,,
BK00417,P00154,FL00160,7/2/2023,Economy,307988,236914,,
BK00418,P00292,FL00377,7/3/2023,Business,478854,368349,,
BK00419,P00091,FL00016,7/3/2023,Economy,308272,237132,,
BK00420,P00409,FL00266,7/4/2023,Business,748618,575860,,
BK00421,P00031,FL00289,7/5/2023,Economy,490286,377143,,
BK00422,P00449,FL00548,7/5/2023,Economy,394061,303124,,
BK00423,P00030,FL00521,7/6/2023,First Class,947363,728741,,
BK00424,P00237,FL00509,7/7/2023,Economy,349853,269118,,
BK00425,P00304,FL00584,7/7/2023,Business,681803,524464,,
BK00426,P00107,FL00230,7/8/2023,Business,986037,758490,,
BK00427,P00065,FL00563,7/9/2023,Economy,132993,102302,,
BK00428,P00451,FL00175,7/9/2023,Economy,75683,58218,,
BK00429,P00304,FL00973,7/10/2023,Business,661345,508727,,
BK00430,P00238,FL00465,7/11/2023,Economy,60624,46634,,
BK00431,P00356,FL00296,7/11/2023,Economy,335936,258412,,
BK00432,P00301,FL00581,7/12/2023,Economy,481446,370343,,
BK00433,P00433,FL00453,7/12/2023,Economy,405661,312047,,
BK00434,P00118,FL00295,7/13/2023,Economy,151259,116353,,
BK00435,P00054,FL00594,7/14/2023,Economy,332914,256088,,
BK00436,P00366,FL00165,7/14/2023,Economy,349842,269109,,
BK00437,P00065,FL00434,7/15/2023,Economy,427873,329133,,
BK00438,P00171,FL00799,7/16/2023,Economy,62860,48354,,
BK00439,P00209,FL00895,7/16/2023,Economy,514914,396088,,
BK00440,P00029,FL00522,7/17/2023,Business,232209,178622,,
BK00441,P00116,FL00446,7/18/2023,Economy,393322,302555,,
BK00442,P00448,FL00359,7/18/2023,Business,729164,560895,,
BK00443,P00077,FL00860,7/19/2023,Business,131617,101244,,
BK00444,P00313,FL00357,7/20/2023,First Class,653652,502809,,
BK00445,P00180,FL00254,7/20/2023,Economy,110249,84807,,
BK00446,P00289,FL00944,7/21/2023,Economy,439007,337698,,
BK00447,P00265,FL00767,7/22/2023,Economy,534034,410795,,
BK00448,P00164,FL00979,7/22/2023,Economy,463986,356912,,
BK00449,P00254,FL00684,7/23/2023,Economy,54122,41632,,
BK00450,P00375,FL00215,7/24/2023,Economy,155474,119595,,
BK00451,P00019,FL00808,7/24/2023,Economy,677797,521382,,
BK00452,P00434,FL00146,7/25/2023,Economy,172605,132773,,
BK00453,P00353,FL00093,7/26/2023,Economy,164258,126352,,
BK00454,P00434,FL00133,7/26/2023,Economy,182655,140504,,
BK00455,P00497,FL00520,7/27/2023,Business,847701,652078,,
BK00456,P00091,FL00958,7/28/2023,Economy,516417,397244,,
BK00457,P00356,FL00474,7/28/2023,Economy,441228,339406,,
BK00458,P00385,FL00114,7/29/2023,Economy,798820,614477,,
BK00459,P00172,FL00991,7/30/2023,Economy,344803,265233,,
BK00460,P00431,FL00146,7/30/2023,Business,257598,198152,,
BK00461,P00062,FL00186,7/31/2023,Economy,471160,362431,,
BK00462,P00171,FL00809,8/1/2023,Economy,415487,319605,,
BK00463,P00060,FL00502,8/1/2023,Economy,428292,329455,,
BK00464,P00408,FL00790,8/2/2023,Business,882024,678480,,
BK00465,P00262,FL00680,8/3/2023,Business,743128,571637,,
BK00466,P00215,FL00237,8/3/2023,Economy,53295,40996,,
BK00467,P00394,FL00830,8/4/2023,Economy,448390,344915,,
BK00468,P00196,FL00009,8/5/2023,Business,247858,190660,,
BK00469,P00487,FL00290,8/5/2023,Business,1487691,1144378,,
BK00470,P00388,FL00818,8/6/2023,Economy,402198,309383,,
BK00471,P00369,FL00008,8/7/2023,Economy,481109,370084,,
BK00472,P00107,FL00375,8/7/2023,First Class,1461637,1124336,,
BK00473,P00062,FL00357,8/8/2023,Economy,240414,184934,,
BK00474,P00039,FL00792,8/9/2023,Economy,322628,248175,,
BK00475,P00176,FL00115,8/9/2023,First Class,893408,687237,,
BK00476,P00163,FL00416,8/10/2023,Business,658744,506726,,
BK00477,P00379,FL00337,8/11/2023,First Class,1527283,1174833,,
BK00478,P00101,FL00064,8/11/2023,Business,778458,598814,,
BK00479,P00087,FL00557,8/12/2023,Economy,677473,521133,,
BK00480,P00205,FL00934,8/13/2023,Economy,455194,350149,,
BK00481,P00280,FL00931,8/13/2023,Economy,175663,135125,,
BK00482,P00172,FL00962,8/14/2023,Economy,361933,278410,,
BK00483,P00376,FL00375,8/14/2023,Business,974544,749649,,
BK00484,P00053,FL00221,8/15/2023,Economy,83940,64569,,
BK00485,P00494,FL00076,8/16/2023,Economy,750079,576984,,
BK00486,P00218,FL00280,8/16/2023,Economy,559948,430729,,
BK00487,P00451,FL00295,8/17/2023,Business,275809,212161,,
BK00488,P00036,FL00842,8/18/2023,Economy,291905,224542,,
BK00489,P00497,FL00982,8/18/2023,Business,699765,538281,,
BK00490,P00417,FL00091,8/19/2023,Business,1574420,1211092,,
BK00491,P00454,FL00851,8/20/2023,Business,920006,707697,,
BK00492,P00470,FL00794,8/20/2023,Economy,508097,390844,,
BK00493,P00108,FL00687,8/21/2023,Economy,464012,356932,,
BK00494,P00095,FL00562,8/22/2023,Economy,408892,314532,,
BK00495,P00398,FL00505,8/22/2023,Business,131305,101004,,
BK00496,P00474,FL00986,8/23/2023,Economy,491184,377834,,
BK00497,P00385,FL00899,8/24/2023,Business,760487,584990,,
BK00498,P00195,FL00014,8/24/2023,Economy,340313,261779,,
BK00499,P00410,FL00725,8/25/2023,Economy,112211,86316,,
BK00500,P00307,FL00676,8/26/2023,Economy,326132,250871,,
BK00501,P00391,FL00417,8/26/2023,Economy,122775,94442,,
BK00502,P00411,FL00395,8/27/2023,Economy,420320,323323,,
BK00503,P00332,FL00046,8/28/2023,Economy,130823,100633,,
BK00504,P00494,FL00573,8/28/2023,Economy,636672,489748,,
BK00505,P00128,FL00742,8/29/2023,Economy,457776,352135,,
BK00506,P00006,FL00869,8/30/2023,Economy,452405,348004,,
BK00507,P00281,FL00356,8/30/2023,Business,150146,115497,,
BK00508,P00330,FL00285,8/31/2023,Business,667276,513289,,
BK00509,P00197,FL00622,9/1/2023,First Class,483955,372273,,
BK00510,P00026,FL00825,9/1/2023,Economy,333908,256852,,
BK00511,P00075,FL00780,9/2/2023,Business,659848,507575,,
BK00512,P00229,FL00958,9/3/2023,Business,925187,711682,,
BK00513,P00171,FL00215,9/3/2023,Economy,148015,113858,,
BK00514,P00255,FL00126,9/4/2023,Economy,37155,28581,,
BK00515,P00223,FL00172,9/5/2023,Business,549439,422645,,
BK00516,P00320,FL00298,9/5/2023,Business,144569,111207,,
BK00517,P00361,FL00717,9/6/2023,First Class,1440202,1107848,,
BK00518,P00130,FL00900,9/7/2023,Economy,127693,98225,,
BK00519,P00358,FL00196,9/7/2023,Economy,640927,493021,,
BK00520,P00017,FL00257,9/8/2023,Economy,554246,426343,,
BK00521,P00059,FL00201,9/9/2023,Economy,864707,665159,,
BK00522,P00399,FL00553,9/9/2023,Business,145885,112219,,
BK00523,P00480,FL00695,9/10/2023,Business,808064,621588,,
BK00524,P00072,FL00355,9/11/2023,Business,882535,678873,,
BK00525,P00117,FL00825,9/11/2023,Economy,409309,314853,,
BK00526,P00210,FL00415,9/12/2023,Economy,408152,313963,,
BK00527,P00379,FL00757,9/13/2023,Economy,406727,312867,,
BK00528,P00314,FL00393,9/13/2023,Economy,418162,321663,,
BK00529,P00404,FL00050,9/14/2023,Business,139926,107635,,
BK00530,P00288,FL00968,9/14/2023,Economy,415376,319520,,
BK00531,P00301,FL00340,9/15/2023,Economy,52623,40479,,
BK00532,P00030,FL00265,9/16/2023,Business,165725,127481,,
BK00533,P00261,FL00761,9/16/2023,Economy,508859,391430,,
BK00534,P00201,FL00846,9/17/2023,Economy,445558,342737,,
BK00535,P00217,FL00462,9/18/2023,Economy,77576,59674,,
BK00536,P00234,FL00647,9/18/2023,Economy,68158,52429,,
BK00537,P00420,FL00057,9/19/2023,Business,832917,640705,,
BK00538,P00027,FL00736,9/20/2023,Economy,305652,235117,,
BK00539,P00204,FL00071,9/20/2023,Economy,527804,406003,,
BK00540,P00228,FL00874,9/21/2023,Economy,92498,71152,,
BK00541,P00382,FL00981,9/22/2023,Economy,374989,288453,,
BK00542,P00116,FL00669,9/22/2023,Business,303852,233732,,
BK00543,P00449,FL00016,9/23/2023,Business,619203,476310,,
BK00544,P00284,FL00103,9/24/2023,Economy,211653,162810,,
BK00545,P00100,FL00885,9/24/2023,Economy,69389,53376,,
BK00546,P00489,FL00503,9/25/2023,Business,930946,716112,,
BK00547,P00079,FL00051,9/26/2023,First Class,1212903,933002,,
BK00548,P00063,FL00501,9/26/2023,Economy,394590,303531,,
BK00549,P00361,FL00081,9/27/2023,Economy,156805,120619,,
BK00550,P00071,FL00732,9/28/2023,First Class,468260,360200,,
BK00551,P00071,FL00652,9/28/2023,Business,999755,769042,,
BK00552,P00398,FL00149,9/29/2023,Economy,129418,99552,,
BK00553,P00454,FL00631,9/30/2023,Economy,394215,303242,,
BK00554,P00244,FL00774,9/30/2023,First Class,269589,207376,,
BK00555,P00142,FL00037,10/1/2023,Economy,518730,399023,,
BK00556,P00296,FL00397,10/2/2023,Business,450249,346345,,
BK00557,P00083,FL00825,10/2/2023,Economy,339121,260862,,
BK00558,P00215,FL00461,10/3/2023,Economy,167267,128667,,
BK00559,P00344,FL00801,10/4/2023,Economy,473784,364449,,
BK00560,P00102,FL00034,10/4/2023,Economy,548457,421890,,
BK00561,P00179,FL00808,10/5/2023,Business,1202287,924836,,
BK00562,P00423,FL00884,10/6/2023,Economy,110241,84801,,
BK00563,P00396,FL00061,10/6/2023,Economy,91126,70097,,
BK00564,P00466,FL00284,10/7/2023,Business,124015,95396,,
BK00565,P00221,FL00954,10/8/2023,Business,944497,726536,,
BK00566,P00164,FL00077,10/8/2023,Economy,774112,595471,,
BK00567,P00245,FL00588,10/9/2023,First Class,662282,509448,,
BK00568,P00250,FL00963,10/10/2023,First Class,365320,281015,,
BK00569,P00084,FL00830,10/10/2023,Economy,395645,304342,,
BK00570,P00166,FL00464,10/11/2023,Business,759853,584502,,
BK00571,P00482,FL00698,10/12/2023,Economy,164403,126464,,
BK00572,P00015,FL00764,10/12/2023,Economy,436340,335646,,
BK00573,P00113,FL00981,10/13/2023,Economy,337727,259790,,
BK00574,P00347,FL00186,10/14/2023,Economy,456864,351434,,
BK00575,P00001,FL00623,10/14/2023,Business,78274,60211,,
BK00576,P00161,FL00620,10/15/2023,Economy,380462,292663,,
BK00577,P00444,FL00151,10/15/2023,Economy,52612,40471,,
BK00578,P00473,FL00030,10/16/2023,Business,782607,602005,,
BK00579,P00078,FL00557,10/17/2023,First Class,1507059,1159276,,
BK00580,P00280,FL00952,10/17/2023,Business,818199,629384,,
BK00581,P00312,FL00335,10/18/2023,Economy,417266,320974,,
BK00582,P00306,FL00796,10/19/2023,Economy,369495,284227,,
BK00583,P00179,FL00410,10/19/2023,Economy,502857,386813,,
BK00584,P00376,FL00604,10/20/2023,Economy,454407,349544,,
BK00585,P00407,FL00445,10/21/2023,Business,802888,617606,,
BK00586,P00338,FL00493,10/21/2023,Economy,305390,234915,,
BK00587,P00280,FL00066,10/22/2023,Economy,392659,302045,,
BK00588,P00370,FL00493,10/23/2023,Economy,329817,253705,,
BK00589,P00114,FL00837,10/23/2023,Economy,622882,479140,,
BK00590,P00015,FL00386,10/24/2023,Economy,870158,669352,,
BK00591,P00354,FL00916,10/25/2023,Economy,592116,455474,,
BK00592,P00383,FL00799,10/25/2023,Economy,68868,52975,,
BK00593,P00423,FL00852,10/26/2023,Economy,442832,340640,,
BK00594,P00374,FL00147,10/27/2023,Economy,493168,379360,,
BK00595,P00047,FL00494,10/27/2023,Economy,656439,504953,,
BK00596,P00419,FL00121,10/28/2023,Economy,86580,66600,,
BK00597,P00454,FL00029,10/29/2023,Economy,569806,438312,,
BK00598,P00441,FL00920,10/29/2023,First Class,1278194,983226,,
BK00599,P00295,FL00872,10/30/2023,Economy,170781,131370,,
BK00600,P00496,FL00037,10/31/2023,Economy,598701,460539,,
BK00601,P00494,FL00159,10/31/2023,Economy,508743,391341,,
BK00602,P00068,FL00556,11/1/2023,Business,997491,767301,,
BK00603,P00465,FL00132,11/2/2023,First Class,204682,157448,,
BK00604,P00287,FL00267,11/2/2023,Economy,524252,403271,,
BK00605,P00245,FL00038,11/3/2023,Economy,342042,263109,,
BK00606,P00475,FL00410,11/4/2023,Economy,610123,469325,,
BK00607,P00375,FL00328,11/4/2023,Business,779097,599305,,
BK00608,P00397,FL00361,11/5/2023,Business,992503,763464,,
BK00609,P00480,FL00406,11/6/2023,Economy,614645,472804,,
BK00610,P00258,FL00832,11/6/2023,Business,291836,224489,,
BK00611,P00083,FL00220,11/7/2023,Business,859698,661306,,
BK00612,P00237,FL00286,11/8/2023,Economy,568244,437111,,
BK00613,P00321,FL00108,11/8/2023,Economy,176214,135549,,
BK00614,P00043,FL00328,11/9/2023,Economy,444427,341867,,
BK00615,P00039,FL00419,11/10/2023,Business,984646,757420,,
BK00616,P00077,FL00848,11/10/2023,Economy,85528,65791,,
BK00617,P00276,FL00741,11/11/2023,Economy,365195,280919,,
BK00618,P00126,FL00621,11/12/2023,Business,190191,146301,,
BK00619,P00389,FL00913,11/12/2023,Economy,99841,76801,,
BK00620,P00306,FL00821,11/13/2023,Economy,126354,97195,,
BK00621,P00272,FL00653,11/14/2023,Business,932676,717443,,
BK00622,P00483,FL00578,11/14/2023,Business,1145895,881458,,
BK00623,P00378,FL00165,11/15/2023,Economy,375608,288929,,
BK00624,P00243,FL00854,11/16/2023,Economy,370874,285288,,
BK00625,P00263,FL00795,11/16/2023,Economy,105938,81491,,
BK00626,P00336,FL00234,11/17/2023,Economy,364586,280451,,
BK00627,P00095,FL00271,11/17/2023,Economy,453668,348975,,
BK00628,P00081,FL00974,11/18/2023,Economy,369884,284526,,
BK00629,P00208,FL00465,11/19/2023,Economy,61900,47615,,
BK00630,P00364,FL00124,11/19/2023,Business,1573040,1210031,,
BK00631,P00191,FL00097,11/20/2023,Economy,595361,457970,,
BK00632,P00484,FL00561,11/21/2023,Economy,289788,222914,,
BK00633,P00328,FL00098,11/21/2023,First Class,285523,219633,,
BK00634,P00148,FL00694,11/22/2023,Economy,141010,108469,,
BK00635,P00163,FL00105,11/23/2023,Economy,305943,235341,,
BK00636,P00429,FL00593,11/23/2023,Economy,267623,205864,,
BK00637,P00121,FL00891,11/24/2023,Economy,788420,606477,,
BK00638,P00256,FL00018,11/25/2023,Economy,381437,293413,,
BK00639,P00476,FL00424,11/25/2023,Economy,396982,305371,,
BK00640,P00470,FL00807,11/26/2023,Business,102413,78779,,
BK00641,P00382,FL00525,11/27/2023,Economy,308851,237578,,
BK00642,P00489,FL00230,11/27/2023,Business,989825,761404,,
BK00643,P00184,FL00960,11/28/2023,Economy,515550,396577,,
BK00644,P00492,FL00484,11/29/2023,Economy,303291,233301,,
BK00645,P00046,FL00084,11/29/2023,Economy,559233,430179,,
BK00646,P00333,FL00986,11/30/2023,Economy,589469,453438,,
BK00647,P00397,FL00172,12/1/2023,Economy,355921,273785,,
BK00648,P00178,FL00956,12/1/2023,Economy,83149,63961,,
BK00649,P00277,FL00708,12/2/2023,Business,743207,571698,,
BK00650,P00432,FL00806,12/3/2023,Economy,151298,116383,,
BK00651,P00400,FL00469,12/3/2023,Economy,447615,344319,,
BK00652,P00201,FL00401,12/4/2023,Business,983147,756267,,
BK00653,P00466,FL00999,12/5/2023,Economy,442438,340337,,
BK00654,P00248,FL00379,12/5/2023,Economy,593479,456522,,
BK00655,P00322,FL00385,12/6/2023,Economy,63428,48791,,
BK00656,P00256,FL00450,12/7/2023,Economy,480360,369508,,
BK00657,P00094,FL00198,12/7/2023,Economy,417778,321368,,
BK00658,P00455,FL00690,12/8/2023,Economy,462970,356131,,
BK00659,P00450,FL00680,12/9/2023,Business,760063,584664,,
BK00660,P00273,FL00364,12/9/2023,Economy,46870,36054,,
BK00661,P00291,FL00964,12/10/2023,Business,370357,284890,,
BK00662,P00473,FL00095,12/11/2023,Economy,456421,351093,,
BK00663,P00065,FL00368,12/11/2023,Economy,569388,437991,,
BK00664,P00341,FL00816,12/12/2023,First Class,1469406,1130312,,
BK00665,P00155,FL00597,12/13/2023,Economy,54076,41597,,
BK00666,P00299,FL00435,12/13/2023,Economy,325472,250363,,
BK00667,P00112,FL00362,12/14/2023,Economy,406602,312771,,
BK00668,P00336,FL00139,12/15/2023,Economy,390705,300542,,
BK00669,P00436,FL00981,12/15/2023,First Class,868044,667726,,
BK00670,P00263,FL00072,12/16/2023,Economy,42185,32450,,
BK00671,P00157,FL00471,12/17/2023,Economy,232493,178841,,
BK00672,P00029,FL00161,12/17/2023,Economy,516838,397568,,
BK00673,P00357,FL00131,12/18/2023,First Class,235933,181487,,
BK00674,P00373,FL00854,12/18/2023,Economy,432459,332661,,
BK00675,P00434,FL00251,12/19/2023,Economy,421483,324218,,
BK00676,P00213,FL00180,12/20/2023,Economy,399749,307499,,
BK00677,P00227,FL00123,12/20/2023,Business,154278,118675,,
BK00678,P00253,FL00083,12/21/2023,Economy,78326,60251,,
BK00679,P00391,FL00795,12/22/2023,Economy,84691,65147,,
BK00680,P00107,FL00812,12/22/2023,Economy,459204,353234,,
BK00681,P00265,FL00159,12/23/2023,Economy,529733,407487,,
BK00682,P00297,FL00013,12/24/2023,Economy,523007,402313,,
BK00683,P00280,FL00993,12/24/2023,Economy,506292,389455,,
BK00684,P00009,FL00828,12/25/2023,Economy,520380,400292,,
BK00685,P00238,FL00278,12/26/2023,Business,177579,136599,,
BK00686,P00013,FL00356,12/26/2023,Business,145938,112260,,
BK00687,P00139,FL00321,12/27/2023,Business,619953,476887,,
BK00688,P00101,FL00703,12/28/2023,Economy,123283,94833,,
BK00689,P00094,FL00446,12/28/2023,Economy,372986,286912,,
BK00690,P00442,FL00965,12/29/2023,Economy,109183,83987,,
BK00691,P00475,FL00794,12/30/2023,Economy,545345,419496,,
BK00692,P00348,FL00513,12/30/2023,Economy,480269,369438,,
BK00693,P00337,FL00695,12/31/2023,Business,740613,569702,,
BK00694,P00217,FL00929,1/1/2024,Business,749026,576174,,
BK00695,P00158,FL00756,1/1/2024,Business,1237748,952114,,
BK00696,P00134,FL00415,1/2/2024,Business,654438,503414,,
BK00697,P00053,FL00450,1/3/2024,First Class,1490086,1146220,,
BK00698,P00220,FL00028,1/3/2024,Economy,565825,435250,,
BK00699,P00139,FL00736,1/4/2024,Business,439009,337699,,
BK00700,P00250,FL00454,1/5/2024,Economy,87814,67549,,
BK00701,P00307,FL00338,1/5/2024,Economy,413833,318333,,
BK00702,P00492,FL00858,1/6/2024,First Class,1299176,999366,,
BK00703,P00048,FL00725,1/7/2024,Economy,129727,99790,,
BK00704,P00280,FL00875,1/7/2024,Economy,155617,119705,,
BK00705,P00033,FL00255,1/8/2024,Economy,74083,56987,,
BK00706,P00462,FL00049,1/9/2024,First Class,1265941,973801,,
BK00707,P00444,FL00122,1/9/2024,Economy,463657,356659,,
BK00708,P00377,FL00416,1/10/2024,Economy,415955,319965,,
BK00709,P00316,FL00478,1/11/2024,Economy,80046,61574,,
BK00710,P00339,FL00898,1/11/2024,Economy,380062,292355,,
BK00711,P00014,FL00050,1/12/2024,Economy,71110,54700,,
BK00712,P00286,FL00670,1/13/2024,Economy,533866,410666,,
BK00713,P00057,FL00606,1/13/2024,Business,847249,651730,,
BK00714,P00016,FL00610,1/14/2024,Economy,655807,504467,,
BK00715,P00287,FL00270,1/15/2024,Economy,142180,109369,,
BK00716,P00468,FL00055,1/15/2024,Economy,80132,61640,,
BK00717,P00025,FL00508,1/16/2024,Economy,515486,396528,,
BK00718,P00296,FL00794,1/17/2024,Economy,516108,397006,,
BK00719,P00414,FL00478,1/17/2024,Business,186911,143778,,
BK00720,P00161,FL00488,1/18/2024,Economy,413976,318443,,
BK00721,P00028,FL00441,1/18/2024,Economy,502594,386611,,
BK00722,P00405,FL00636,1/19/2024,Economy,76588,58914,,
BK00723,P00383,FL00681,1/20/2024,Economy,433618,333552,,
BK00724,P00099,FL00559,1/20/2024,Economy,132622,102017,,
BK00725,P00115,FL00666,1/21/2024,Business,874262,672509,,
BK00726,P00368,FL00522,1/22/2024,Economy,121984,93834,,
BK00727,P00419,FL00015,1/22/2024,Business,748362,575663,,
BK00728,P00188,FL00213,1/23/2024,Economy,441531,339639,,
BK00729,P00201,FL00231,1/24/2024,Business,1078784,829834,,
BK00730,P00500,FL00492,1/24/2024,Business,709651,545885,,
BK00731,P00280,FL00761,1/25/2024,Economy,467734,359795,,
BK00732,P00225,FL00504,1/26/2024,First Class,1474496,1134228,,
BK00733,P00241,FL00955,1/26/2024,First Class,192384,147988,,
BK00734,P00124,FL00023,1/27/2024,Economy,58926,45328,,
BK00735,P00169,FL00303,1/28/2024,Business,767116,590089,,
BK00736,P00193,FL00621,1/28/2024,Economy,118593,91225,,
BK00737,P00045,FL00036,1/29/2024,Business,767029,590022,,
BK00738,P00420,FL00719,1/30/2024,Economy,279079,214676,,
BK00739,P00419,FL00550,1/30/2024,Economy,255277,196367,,
BK00740,P00038,FL00766,1/31/2024,Economy,75163,57818,,
BK00741,P00114,FL00871,2/1/2024,Economy,462037,355413,,
BK00742,P00173,FL00123,2/1/2024,First Class,246295,189458,,
BK00743,P00162,FL00669,2/2/2024,Business,317990,244608,,
BK00744,P00423,FL00443,2/3/2024,Economy,423654,325888,,
BK00745,P00400,FL00701,2/3/2024,First Class,936707,720544,,
BK00746,P00354,FL00262,2/4/2024,Economy,122464,94203,,
BK00747,P00411,FL00967,2/5/2024,Economy,347101,267001,,
BK00748,P00025,FL00975,2/5/2024,Economy,82039,63107,,
BK00749,P00109,FL00947,2/6/2024,Business,780438,600337,,
BK00750,P00482,FL00586,2/7/2024,Economy,442741,340570,,
BK00751,P00425,FL00614,2/7/2024,Economy,411068,316206,,
BK00752,P00142,FL00933,2/8/2024,Economy,38904,29926,,
BK00753,P00054,FL00168,2/9/2024,Business,572787,440605,,
BK00754,P00161,FL00744,2/9/2024,Economy,114332,87948,,
BK00755,P00050,FL00974,2/10/2024,Economy,378460,291123,,
BK00756,P00339,FL00185,2/11/2024,Economy,489813,376779,,
BK00757,P00081,FL00346,2/11/2024,Economy,53542,41186,,
BK00758,P00500,FL00432,2/12/2024,Business,247346,190266,,
BK00759,P00157,FL00519,2/13/2024,Economy,206309,158699,,
BK00760,P00363,FL00881,2/13/2024,Economy,496963,382279,,
BK00761,P00042,FL00204,2/14/2024,Economy,401905,309158,,
BK00762,P00500,FL00051,2/15/2024,Business,856041,658493,,
BK00763,P00254,FL00003,2/15/2024,Economy,510886,392989,,
BK00764,P00173,FL00610,2/16/2024,Economy,598952,460732,,
BK00765,P00113,FL00446,2/17/2024,Economy,331136,254720,,
BK00766,P00407,FL00489,2/17/2024,Economy,575198,442460,,
BK00767,P00233,FL00469,2/18/2024,Business,912895,702227,,
BK00768,P00184,FL00063,2/19/2024,Economy,511099,393153,,
BK00769,P00063,FL00177,2/19/2024,Business,1491467,1147282,,
BK00770,P00065,FL00225,2/20/2024,Economy,339526,261174,,
BK00771,P00412,FL00710,2/20/2024,Economy,494683,380525,,
BK00772,P00134,FL00911,2/21/2024,First Class,1224747,942113,,
BK00773,P00320,FL00085,2/22/2024,Business,279293,214841,,
BK00774,P00012,FL00190,2/22/2024,Business,1143523,879633,,
BK00775,P00341,FL00038,2/23/2024,Economy,407637,313567,,
BK00776,P00180,FL00914,2/24/2024,Economy,373675,287442,,
BK00777,P00145,FL00021,2/24/2024,Economy,227079,174676,,
BK00778,P00421,FL00887,2/25/2024,Business,604314,464857,,
BK00779,P00244,FL00496,2/26/2024,Economy,750732,577486,,
BK00780,P00259,FL00314,2/26/2024,Business,973266,748666,,
BK00781,P00246,FL00905,2/27/2024,Economy,163717,125936,,
BK00782,P00372,FL00366,2/28/2024,Economy,138572,106594,,
BK00783,P00423,FL00475,2/28/2024,Economy,83836,64489,,
BK00784,P00290,FL00942,2/29/2024,Economy,160416,123397,,
BK00785,P00148,FL00690,3/1/2024,Economy,404595,311227,,
BK00786,P00294,FL00415,3/1/2024,Economy,408373,314133,,
BK00787,P00191,FL00393,3/2/2024,Economy,545147,419344,,
BK00788,P00032,FL00784,3/3/2024,Economy,415009,319238,,
BK00789,P00098,FL00294,3/3/2024,Economy,149988,115375,,
BK00790,P00043,FL00814,3/4/2024,First Class,1580394,1215688,,
BK00791,P00198,FL00048,3/5/2024,Business,778808,599083,,
BK00792,P00008,FL00071,3/5/2024,Economy,536052,412348,,
BK00793,P00293,FL00045,3/6/2024,Economy,395125,303942,,
BK00794,P00355,FL00550,3/7/2024,Business,432189,332453,,
BK00795,P00068,FL00262,3/7/2024,Economy,128154,98580,,
BK00796,P00201,FL00953,3/8/2024,Business,682237,524798,,
BK00797,P00286,FL00732,3/9/2024,Economy,145516,111935,,
BK00798,P00328,FL00548,3/9/2024,Economy,364215,280165,,
BK00799,P00193,FL00894,3/10/2024,First Class,1363288,1048683,,
BK00800,P00043,FL00610,3/11/2024,Economy,646000,496923,,
BK00801,P00270,FL00559,3/11/2024,Business,240396,184920,,
BK00802,P00019,FL00575,3/12/2024,Economy,462630,355869,,
BK00803,P00092,FL00619,3/13/2024,Economy,115583,88910,,
BK00804,P00372,FL00548,3/13/2024,Economy,359953,276887,,
BK00805,P00078,FL00196,3/14/2024,Economy,718449,552653,,
BK00806,P00212,FL00208,3/15/2024,First Class,359895,276842,,
BK00807,P00342,FL00512,3/15/2024,Economy,288833,222179,,
BK00808,P00312,FL00722,3/16/2024,Economy,532328,409483,,
BK00809,P00016,FL00101,3/17/2024,Economy,448002,344617,,
BK00810,P00249,FL00348,3/17/2024,Economy,403217,310167,,
BK00811,P00420,FL00169,3/18/2024,Economy,86198,66306,,
BK00812,P00001,FL00221,3/19/2024,Economy,94827,72944,,
BK00813,P00342,FL00028,3/19/2024,Economy,572874,440672,,
BK00814,P00345,FL00659,3/20/2024,First Class,199355,153350,,
BK00815,P00167,FL00930,3/21/2024,Business,1044632,803563,,
BK00816,P00252,FL00775,3/21/2024,Economy,180241,138647,,
BK00817,P00207,FL00820,3/22/2024,Economy,481098,370075,,
BK00818,P00494,FL00730,3/22/2024,Economy,67989,52299,,
BK00819,P00206,FL00245,3/23/2024,Economy,296148,227806,,
BK00820,P00071,FL00969,3/24/2024,Economy,354661,272816,,
BK00821,P00086,FL00009,3/24/2024,Economy,171522,131940,,
BK00822,P00472,FL00027,3/25/2024,Economy,526426,404943,,
BK00823,P00488,FL00555,3/26/2024,Business,329819,253707,,
BK00824,P00300,FL00084,3/26/2024,Economy,514955,396119,,
BK00825,P00489,FL00281,3/27/2024,First Class,1270300,977154,,
BK00826,P00241,FL00342,3/28/2024,Economy,313717,241321,,
BK00827,P00264,FL00062,3/28/2024,Economy,570662,438971,,
BK00828,P00316,FL00256,3/29/2024,Business,838500,645000,,
BK00829,P00347,FL00706,3/30/2024,Economy,487652,375117,,
BK00830,P00312,FL00757,3/30/2024,First Class,1008458,775737,,
BK00831,P00366,FL00412,3/31/2024,Economy,543560,418123,,
BK00832,P00387,FL00178,4/1/2024,Economy,532650,409731,,
BK00833,P00062,FL00048,4/1/2024,Economy,461572,355055,,
BK00834,P00227,FL00162,4/2/2024,Business,539419,414938,,
BK00835,P00487,FL00431,4/3/2024,Economy,498167,383205,,
BK00836,P00345,FL00178,4/3/2024,First Class,1122224,863249,,
BK00837,P00281,FL00206,4/4/2024,Economy,407927,313790,,
BK00838,P00082,FL00800,4/5/2024,Business,1001268,770206,,
BK00839,P00276,FL00189,4/5/2024,Business,470790,362146,,
BK00840,P00445,FL00290,4/6/2024,Economy,753589,579684,,
BK00841,P00289,FL00639,4/7/2024,Economy,76638,58952,,
BK00842,P00354,FL00389,4/7/2024,Business,110790,85223,,
BK00843,P00441,FL00857,4/8/2024,Economy,110214,84780,,
BK00844,P00052,FL00651,4/9/2024,Economy,80016,61551,,
BK00845,P00475,FL00702,4/9/2024,Business,682080,524677,,
BK00846,P00312,FL00776,4/10/2024,Economy,376861,289893,,
BK00847,P00444,FL00300,4/11/2024,Business,817492,628840,,
BK00848,P00256,FL00761,4/11/2024,Economy,465032,357717,,
BK00849,P00244,FL00970,4/12/2024,Business,206081,158524,,
BK00850,P00282,FL00798,4/13/2024,Economy,115072,88517,,
BK00851,P00085,FL00565,4/13/2024,Business,1223658,941275,,
BK00852,P00361,FL00949,4/14/2024,Business,279188,214760,,
BK00853,P00380,FL00659,4/15/2024,Economy,69337,53336,,
BK00854,P00326,FL00377,4/15/2024,Economy,292863,225279,,
BK00855,P00240,FL00761,4/16/2024,Business,795079,611599,,
BK00856,P00099,FL00204,4/17/2024,Economy,383616,295089,,
BK00857,P00189,FL00143,4/17/2024,Business,1091492,839609,,
BK00858,P00046,FL00426,4/18/2024,First Class,197226,151712,,
BK00859,P00009,FL00643,4/19/2024,Business,1711668,1316668,,
BK00860,P00174,FL00810,4/19/2024,Economy,89523,68864,,
BK00861,P00406,FL00458,4/20/2024,Economy,580615,446627,,
BK00862,P00325,FL00576,4/21/2024,Business,278160,213969,,
BK00863,P00321,FL00106,4/21/2024,Business,736646,566651,,
BK00864,P00302,FL00316,4/22/2024,Business,262261,201739,,
BK00865,P00070,FL00949,4/22/2024,Economy,191612,147394,,
BK00866,P00167,FL00495,4/23/2024,Business,726743,559033,,
BK00867,P00108,FL00243,4/24/2024,Economy,455922,350709,,
BK00868,P00133,FL00308,4/24/2024,Economy,752018,578475,,
BK00869,P00278,FL00675,4/25/2024,Economy,698168,537052,,
BK00870,P00483,FL00608,4/26/2024,Economy,505720,389015,,
BK00871,P00276,FL00192,4/26/2024,Business,820420,631092,,
BK00872,P00452,FL00307,4/27/2024,Economy,101163,77818,,
BK00873,P00358,FL00154,4/28/2024,Economy,77531,59639,,
BK00874,P00041,FL00301,4/28/2024,Economy,503013,386933,,
BK00875,P00405,FL00127,4/29/2024,Economy,125631,96639,,
BK00876,P00430,FL00498,4/30/2024,Business,759169,583976,,
BK00877,P00398,FL00263,4/30/2024,Economy,518981,399216,,
BK00878,P00418,FL00840,5/1/2024,Economy,762420,586477,,
BK00879,P00115,FL00241,5/2/2024,Economy,336911,259162,,
BK00880,P00263,FL00592,5/2/2024,Business,852886,656066,,
BK00881,P00270,FL00303,5/3/2024,Business,705221,542478,,
BK00882,P00389,FL00526,5/4/2024,Economy,368655,283581,,
BK00883,P00203,FL00925,5/4/2024,Economy,396232,304794,,
BK00884,P00079,FL00036,5/5/2024,Economy,474215,364781,,
BK00885,P00017,FL00312,5/6/2024,Economy,432184,332449,,
BK00886,P00476,FL00714,5/6/2024,Business,793511,610393,,
BK00887,P00429,FL00402,5/7/2024,Economy,504664,388203,,
BK00888,P00058,FL00306,5/8/2024,Business,989743,761341,,
BK00889,P00332,FL00135,5/8/2024,Business,631873,486056,,
BK00890,P00083,FL00899,5/9/2024,Business,648008,498468,,
BK00891,P00132,FL00910,5/10/2024,Economy,45308,34852,,
BK00892,P00436,FL00995,5/10/2024,Economy,465449,358038,,
BK00893,P00172,FL00995,5/11/2024,Business,957337,736413,,
BK00894,P00066,FL00737,5/12/2024,Business,245948,189191,,
BK00895,P00098,FL00158,5/12/2024,Business,818714,629780,,
BK00896,P00236,FL00944,5/13/2024,Economy,367088,282375,,
BK00897,P00338,FL00512,5/14/2024,Economy,298717,229782,,
BK00898,P00079,FL00728,5/14/2024,Economy,558923,429941,,
BK00899,P00260,FL00628,5/15/2024,Economy,390312,300240,,
BK00900,P00343,FL00620,5/16/2024,Economy,456872,351440,,
BK00901,P00439,FL00843,5/16/2024,Economy,651329,501022,,
BK00902,P00281,FL00968,5/17/2024,Business,947998,729229,,
BK00903,P00236,FL00940,5/18/2024,Economy,49958,38429,,
BK00904,P00428,FL00050,5/18/2024,Economy,79292,60994,,
BK00905,P00030,FL00670,5/19/2024,Economy,449007,345390,,
BK00906,P00148,FL00333,5/20/2024,Economy,93747,72113,,
BK00907,P00097,FL00106,5/20/2024,Economy,491543,378110,,
BK00908,P00468,FL00445,5/21/2024,Economy,442393,340302,,
BK00909,P00128,FL00315,5/22/2024,Economy,451094,346995,,
BK00910,P00390,FL00853,5/22/2024,Economy,426451,328039,,
BK00911,P00045,FL00416,5/23/2024,Economy,392295,301765,,
BK00912,P00087,FL00459,5/24/2024,Economy,552634,425103,,
BK00913,P00011,FL00707,5/24/2024,Economy,627276,482520,,
BK00914,P00235,FL00911,5/25/2024,First Class,1259068,968514,,
BK00915,P00224,FL00412,5/25/2024,Economy,524914,403780,,
BK00916,P00467,FL00331,5/26/2024,Business,957116,736243,,
BK00917,P00042,FL00970,5/27/2024,Economy,141274,108672,,
BK00918,P00333,FL00530,5/27/2024,Economy,139155,107042,,
BK00919,P00075,FL00639,5/28/2024,Business,129394,99534,,
BK00920,P00178,FL00698,5/29/2024,Economy,151779,116753,,
BK00921,P00470,FL00330,5/29/2024,Economy,587327,451790,,
BK00922,P00465,FL00467,5/30/2024,Business,764287,587913,,
BK00923,P00494,FL00762,5/31/2024,Business,707233,544025,,
BK00924,P00442,FL00334,5/31/2024,Economy,65322,50248,,
BK00925,P00320,FL00789,6/1/2024,Economy,473594,364303,,
BK00926,P00296,FL00095,6/2/2024,First Class,1093621,841247,,
BK00927,P00409,FL00186,6/2/2024,Business,876416,674166,,
BK00928,P00008,FL00859,6/3/2024,Business,809881,622985,,
BK00929,P00263,FL00617,6/4/2024,Economy,887398,682614,,
BK00930,P00165,FL00783,6/4/2024,Economy,115391,88762,,
BK00931,P00313,FL00211,6/5/2024,Economy,380103,292387,,
BK00932,P00191,FL00639,6/6/2024,Economy,90646,69728,,
BK00933,P00087,FL00619,6/6/2024,Business,194059,149276,,
BK00934,P00107,FL00153,6/7/2024,Economy,502493,386533,,
BK00935,P00377,FL00178,6/8/2024,Economy,517703,398233,,
BK00936,P00254,FL00247,6/8/2024,Business,335050,257731,,
BK00937,P00013,FL00778,6/9/2024,First Class,151356,116428,,
BK00938,P00132,FL00991,6/10/2024,First Class,1010282,777140,,
BK00939,P00053,FL00341,6/10/2024,Economy,124879,96061,,
BK00940,P00097,FL00057,6/11/2024,Business,828097,636998,,
BK00941,P00065,FL00575,6/12/2024,Economy,472436,363412,,
BK00942,P00012,FL00684,6/12/2024,Business,125174,96288,,
BK00943,P00286,FL00342,6/13/2024,Economy,376468,289591,,
BK00944,P00166,FL00987,6/14/2024,Economy,308363,237202,,
BK00945,P00189,FL00831,6/14/2024,Business,205615,158165,,
BK00946,P00377,FL00041,6/15/2024,Economy,362553,278887,,
BK00947,P00160,FL00335,6/16/2024,Economy,384092,295455,,
BK00948,P00352,FL00477,6/16/2024,Business,687398,528768,,
BK00949,P00330,FL00895,6/17/2024,Economy,554658,426660,,
BK00950,P00005,FL00936,6/18/2024,Economy,147225,113250,,
BK00951,P00465,FL00583,6/18/2024,Economy,175197,134767,,
BK00952,P00357,FL00271,6/19/2024,Business,723961,556893,,
BK00953,P00149,FL00053,6/20/2024,Economy,438194,337072,,
BK00954,P00288,FL00625,6/20/2024,Economy,460691,354378,,
BK00955,P00218,FL00962,6/21/2024,Economy,438396,337228,,
BK00956,P00420,FL00290,6/22/2024,Economy,819476,630366,,
BK00957,P00475,FL00845,6/22/2024,Economy,133064,102357,,
BK00958,P00174,FL00207,6/23/2024,Economy,600230,461715,,
BK00959,P00036,FL00758,6/24/2024,Economy,473559,364276,,
BK00960,P00412,FL00531,6/24/2024,Business,850924,654557,,
BK00961,P00361,FL00903,6/25/2024,Business,316044,243111,,
BK00962,P00451,FL00655,6/25/2024,Economy,609538,468875,,
BK00963,P00008,FL00622,6/26/2024,Economy,136833,105256,,
BK00964,P00206,FL00068,6/27/2024,Economy,415884,319911,,
BK00965,P00313,FL00119,6/27/2024,First Class,202515,155781,,
BK00966,P00067,FL00669,6/28/2024,Economy,141527,108867,,
BK00967,P00353,FL00370,6/29/2024,Economy,392639,302030,,
BK00968,P00484,FL00289,6/29/2024,First Class,1279177,983982,,
BK00969,P00013,FL00300,6/30/2024,Business,805592,619686,,
BK00970,P00480,FL00400,7/1/2024,First Class,1217499,936538,,
BK00971,P00367,FL00149,7/1/2024,Economy,142089,109299,,
BK00972,P00021,FL00435,7/2/2024,Business,648595,498919,,
BK00973,P00449,FL00073,7/3/2024,First Class,1399303,1076387,,
BK00974,P00342,FL00577,7/3/2024,Business,451744,347495,,
BK00975,P00190,FL00426,7/4/2024,First Class,190126,146251,,
BK00976,P00258,FL00405,7/5/2024,Economy,270258,207891,,
BK00977,P00010,FL00864,7/5/2024,Business,764196,587843,,
BK00978,P00113,FL00988,7/6/2024,Economy,70149,53961,,
BK00979,P00480,FL00055,7/7/2024,Economy,65634,50488,,
BK00980,P00022,FL00499,7/7/2024,Business,589385,453373,,
BK00981,P00276,FL00272,7/8/2024,Business,966989,743838,,
BK00982,P00304,FL00787,7/9/2024,Economy,124843,96033,,
BK00983,P00413,FL00975,7/9/2024,Economy,90615,69704,,
BK00984,P00176,FL00676,7/10/2024,Economy,334473,257287,,
BK00985,P00352,FL00963,7/11/2024,Economy,119906,92235,,
BK00986,P00447,FL00654,7/11/2024,Economy,77493,59610,,
BK00987,P00442,FL00463,7/12/2024,Business,857384,659526,,
BK00988,P00332,FL00503,7/13/2024,Business,963998,741537,,
BK00989,P00351,FL00244,7/13/2024,Economy,286400,220308,,
BK00990,P00239,FL00201,7/14/2024,Economy,689361,530278,,
BK00991,P00437,FL00484,7/15/2024,Economy,330344,254111,,
BK00992,P00392,FL00152,7/15/2024,Economy,190694,146688,,
BK00993,P00086,FL00570,7/16/2024,Business,555194,427072,,
BK00994,P00108,FL00446,7/17/2024,Economy,330788,254452,,
BK00995,P00385,FL00904,7/17/2024,Economy,148950,114577,,
BK00996,P00203,FL00757,7/18/2024,Business,613826,472174,,
BK00997,P00340,FL00786,7/19/2024,Economy,266102,204694,,
BK00998,P00086,FL00513,7/19/2024,First Class,997562,767355,,
BK00999,P00091,FL00710,7/20/2024,Economy,387037,297721,,
BK01000,P00016,FL00412,7/21/2024,First Class,1520068,1169283,,
BK01001,P00162,FL00338,7/21/2024,Economy,405714,312088,,
BK01002,P00411,FL00365,7/22/2024,Economy,287862,221432,,
BK01003,P00424,FL00178,7/23/2024,First Class,1219309,937930,,
BK01004,P00306,FL00189,7/23/2024,Economy,246705,189773,,
BK01005,P00200,FL00156,7/24/2024,Economy,62353,47964,,
BK01006,P00403,FL00200,7/25/2024,Economy,481920,370708,,
BK01007,P00266,FL00928,7/25/2024,Economy,826688,635914,,
BK01008,P00443,FL00541,7/26/2024,Economy,523504,402695,,
BK01009,P00479,FL00869,7/26/2024,Economy,492025,378481,,
BK01010,P00483,FL00640,7/27/2024,Economy,247898,190691,,
BK01011,P00028,FL00649,7/28/2024,Economy,425117,327013,,
BK01012,P00253,FL00717,7/28/2024,Economy,614296,472535,,
BK01013,P00190,FL00987,7/29/2024,Economy,299628,230483,,
BK01014,P00495,FL00715,7/30/2024,First Class,1131811,870624,,
BK01015,P00327,FL00295,7/30/2024,First Class,430300,331000,,
BK01016,P00416,FL00217,7/31/2024,Business,894023,687710,,
BK01017,P00115,FL00030,8/1/2024,Business,713240,548646,,
BK01018,P00439,FL00827,8/1/2024,Economy,77119,59322,,
BK01019,P00155,FL00044,8/2/2024,Economy,192838,148337,,
BK01020,P00030,FL00432,8/3/2024,Economy,137851,106039,,
BK01021,P00172,FL00144,8/3/2024,Business,676377,520290,,
BK01022,P00045,FL00923,8/4/2024,Economy,65909,50699,,
BK01023,P00483,FL00924,8/5/2024,Business,124591,95839,,
BK01024,P00307,FL00114,8/5/2024,Business,1850684,1423603,,
BK01025,P00360,FL00701,8/6/2024,Economy,279373,214902,,
BK01026,P00338,FL00916,8/7/2024,Economy,556969,428438,,
BK01027,P00150,FL00883,8/7/2024,First Class,1384995,1065381,,
BK01028,P00299,FL00885,8/8/2024,Business,103566,79666,,
BK01029,P00489,FL00767,8/9/2024,Business,881486,678066,,
BK01030,P00065,FL00566,8/9/2024,Economy,496692,382071,,
BK01031,P00386,FL00868,8/10/2024,Business,257882,198371,,
BK01032,P00148,FL00142,8/11/2024,Economy,53034,40795,,
BK01033,P00191,FL00988,8/11/2024,Economy,87416,67243,,
BK01034,P00223,FL00520,8/12/2024,Economy,404448,311114,,
BK01035,P00104,FL00283,8/13/2024,Business,1175530,904254,,
BK01036,P00399,FL00308,8/13/2024,Economy,818867,629898,,
BK01037,P00322,FL00616,8/14/2024,Business,137778,105983,,
BK01038,P00357,FL00704,8/15/2024,Economy,66230,50946,,
BK01039,P00439,FL00243,8/15/2024,Economy,486573,374287,,
BK01040,P00302,FL00718,8/16/2024,Business,700375,538750,,
BK01041,P00413,FL00112,8/17/2024,First Class,965090,742377,,
BK01042,P00178,FL00668,8/17/2024,Economy,58946,45343,,
BK01043,P00351,FL00018,8/18/2024,Business,879524,676557,,
BK01044,P00360,FL00778,8/19/2024,Economy,54304,41772,,
BK01045,P00212,FL00075,8/19/2024,Economy,80414,61857,,
BK01046,P00030,FL00780,8/20/2024,Business,685216,527089,,
BK01047,P00193,FL00677,8/21/2024,Economy,565891,435301,,
BK01048,P00179,FL00591,8/21/2024,Business,749052,576194,,
BK01049,P00079,FL00727,8/22/2024,Business,1644349,1264884,,
BK01050,P00478,FL00456,8/23/2024,Economy,434620,334323,,
BK01051,P00495,FL00644,8/23/2024,Economy,469169,360899,,
BK01052,P00431,FL00611,8/24/2024,Economy,54196,41689,,
BK01053,P00117,FL00449,8/25/2024,Economy,80712,62086,,
BK01054,P00294,FL00976,8/25/2024,Economy,470057,361582,,
BK01055,P00140,FL00732,8/26/2024,Economy,150476,115751,,
BK01056,P00285,FL00675,8/27/2024,Business,1229987,946144,,
BK01057,P00258,FL00706,8/27/2024,Economy,421755,324427,,
BK01058,P00083,FL00790,8/28/2024,Business,839700,645923,,
BK01059,P00228,FL00317,8/28/2024,Economy,249449,191884,,
BK01060,P00066,FL00287,8/29/2024,Economy,332883,256064,,
BK01061,P00493,FL00095,8/30/2024,Economy,477170,367054,,
BK01062,P00215,FL00756,8/30/2024,Business,1506742,1159032,,
BK01063,P00381,FL00148,8/31/2024,Economy,446494,343457,,
BK01064,P00456,FL00120,9/1/2024,Business,119347,91805,,
BK01065,P00143,FL00996,9/1/2024,Economy,428821,329862,,
BK01066,P00329,FL00254,9/2/2024,Economy,96877,74521,,
BK01067,P00410,FL00446,9/3/2024,Economy,331917,255321,,
BK01068,P00193,FL00425,9/3/2024,Economy,81884,62988,,
BK01069,P00329,FL00263,9/4/2024,Economy,516950,397654,,
BK01070,P00259,FL00341,9/5/2024,Business,233128,179329,,
BK01071,P00059,FL00814,9/5/2024,Economy,553770,425977,,
BK01072,P00168,FL00631,9/6/2024,Economy,432064,332357,,
BK01073,P00413,FL00324,9/7/2024,Economy,361813,278318,,
BK01074,P00297,FL00596,9/7/2024,First Class,1544037,1187721,,
BK01075,P00321,FL00217,9/8/2024,Economy,511428,393406,,
BK01076,P00432,FL00994,9/9/2024,Business,406221,312478,,
BK01077,P00342,FL00731,9/9/2024,Economy,329536,253489,,
BK01078,P00209,FL00579,9/10/2024,Economy,482352,371040,,
BK01079,P00199,FL00365,9/11/2024,Economy,284391,218762,,
BK01080,P00434,FL00477,9/11/2024,Economy,362938,279183,,
BK01081,P00393,FL00551,9/12/2024,Economy,655166,503974,,
BK01082,P00192,FL00580,9/13/2024,Economy,310132,238563,,
BK01083,P00077,FL00738,9/13/2024,Business,360866,277589,,
BK01084,P00192,FL00284,9/14/2024,Economy,74442,57263,,
BK01085,P00095,FL00250,9/15/2024,Economy,212394,163380,,
BK01086,P00010,FL00823,9/15/2024,Economy,645619,496630,,
BK01087,P00451,FL00116,9/16/2024,Economy,475328,365637,,
BK01088,P00205,FL00316,9/17/2024,Economy,135745,104419,,
BK01089,P00071,FL00977,9/17/2024,Business,1349611,1038162,,
BK01090,P00271,FL00465,9/18/2024,Economy,64000,49231,,
BK01091,P00331,FL00117,9/19/2024,Economy,497986,383066,,
BK01092,P00308,FL00226,9/19/2024,Economy,462229,355561,,
BK01093,P00285,FL00340,9/20/2024,Business,116208,89391,,
BK01094,P00178,FL00697,9/21/2024,Business,952747,732882,,
BK01095,P00332,FL00233,9/21/2024,First Class,379993,292302,,
BK01096,P00078,FL00402,9/22/2024,Economy,484225,372481,,
BK01097,P00363,FL00497,9/23/2024,Economy,454210,349392,,
BK01098,P00438,FL00303,9/23/2024,Economy,346566,266589,,
BK01099,P00161,FL00566,9/24/2024,Economy,561753,432118,,
BK01100,P00171,FL00279,9/25/2024,Economy,628922,483786,,
BK01101,P00499,FL00759,9/25/2024,Economy,522334,401795,,
BK01102,P00487,FL00835,9/26/2024,Business,1575925,1212250,,
BK01103,P00113,FL00421,9/27/2024,Economy,591573,455056,,
BK01104,P00496,FL00528,9/27/2024,Business,774940,596108,,
BK01105,P00378,FL00722,9/28/2024,Economy,459378,353368,,
BK01106,P00015,FL00504,9/28/2024,First Class,1299453,999579,,
BK01107,P00020,FL00778,9/29/2024,Economy,55283,42525,,
BK01108,P00179,FL00736,9/30/2024,Business,554393,426456,,
BK01109,P00423,FL00754,9/30/2024,Economy,96517,74244,,
BK01110,P00281,FL00026,10/1/2024,Economy,40126,30866,,
BK01111,P00012,FL00495,10/2/2024,Economy,453912,349163,,
BK01112,P00133,FL00208,10/2/2024,First Class,349016,268474,,
BK01113,P00103,FL00369,10/3/2024,Economy,53217,40936,,
BK01114,P00244,FL00557,10/4/2024,Business,1154394,887995,,
BK01115,P00037,FL00527,10/4/2024,Business,843859,649122,,
BK01116,P00352,FL00072,10/5/2024,Business,65937,50721,,
BK01117,P00221,FL00659,10/6/2024,Business,119132,91640,,
BK01118,P00299,FL00260,10/6/2024,Economy,437359,336430,,
BK01119,P00439,FL00492,10/7/2024,Economy,446711,343624,,
BK01120,P00479,FL00058,10/8/2024,Economy,136607,105082,,
BK01121,P00252,FL00039,10/8/2024,Business,145136,111643,,
BK01122,P00413,FL00953,10/9/2024,First Class,1055146,811651,,
BK01123,P00419,FL00526,10/10/2024,Economy,346356,266428,,
BK01124,P00167,FL00903,10/10/2024,Business,332206,255543,,
BK01125,P00383,FL00495,10/11/2024,Economy,401049,308499,,
BK01126,P00091,FL00292,10/12/2024,Business,841211,647085,,
BK01127,P00150,FL00365,10/12/2024,Economy,311984,239988,,
BK01128,P00192,FL00116,10/13/2024,Business,783561,602739,,
BK01129,P00030,FL00241,10/14/2024,Economy,401185,308604,,
BK01130,P00111,FL00016,10/14/2024,Business,722436,555720,,
BK01131,P00283,FL00162,10/15/2024,Economy,368005,283081,,
BK01132,P00243,FL00197,10/16/2024,Economy,305157,234736,,
BK01133,P00355,FL00149,10/16/2024,First Class,351282,270217,,
BK01134,P00190,FL00997,10/17/2024,First Class,1392573,1071210,,
BK01135,P00423,FL00216,10/18/2024,Economy,277258,213275,,
BK01136,P00480,FL00882,10/18/2024,Economy,155280,119446,,
BK01137,P00025,FL00703,10/19/2024,Economy,113077,86982,,
BK01138,P00046,FL00935,10/20/2024,Economy,486067,373898,,
BK01139,P00353,FL00288,10/20/2024,Economy,332093,255456,,
BK01140,P00136,FL00018,10/21/2024,First Class,1294748,995960,,
BK01141,P00198,FL00843,10/22/2024,Economy,600822,462171,,
BK01142,P00294,FL00460,10/22/2024,Business,899058,691583,,
BK01143,P00032,FL00897,10/23/2024,Business,820890,631454,,
BK01144,P00235,FL00191,10/24/2024,Business,806736,620566,,
BK01145,P00359,FL00103,10/24/2024,Economy,194121,149324,,
BK01146,P00379,FL00114,10/25/2024,Economy,887056,682351,,
BK01147,P00079,FL00173,10/26/2024,First Class,167645,128958,,
BK01148,P00050,FL00501,10/26/2024,Economy,365570,281208,,
BK01149,P00373,FL00667,10/27/2024,Business,860725,662096,,
BK01150,P00405,FL00671,10/28/2024,Business,774285,595604,,
BK01151,P00301,FL00942,10/28/2024,Economy,147945,113804,,
BK01152,P00052,FL00420,10/29/2024,First Class,402676,309751,,
BK01153,P00433,FL00782,10/29/2024,Business,327763,252125,,
BK01154,P00145,FL00185,10/30/2024,Economy,483016,371551,,
BK01155,P00187,FL00246,10/31/2024,Economy,440076,338520,,
BK01156,P00125,FL00601,10/31/2024,Economy,468658,360506,,
BK01157,P00350,FL00009,11/1/2024,Economy,173297,133305,,
BK01158,P00358,FL00793,11/2/2024,Economy,518965,399204,,
BK01159,P00190,FL00103,11/2/2024,Business,309741,238262,,
BK01160,P00293,FL00784,11/3/2024,Business,763788,587529,,
BK01161,P00471,FL00649,11/4/2024,Economy,400338,307952,,
BK01162,P00471,FL00148,11/4/2024,First Class,1226109,943161,,
BK01163,P00163,FL00812,11/5/2024,Economy,435492,334994,,
BK01164,P00087,FL00255,11/6/2024,Economy,75903,58387,,
BK01165,P00132,FL00508,11/6/2024,First Class,1279490,984223,,
BK01166,P00290,FL00098,11/7/2024,Business,170799,131384,,
BK01167,P00162,FL00782,11/8/2024,Economy,154534,118872,,
BK01168,P00377,FL00097,11/8/2024,Economy,591105,454696,,
BK01169,P00293,FL00605,11/9/2024,Economy,70834,54488,,
BK01170,P00476,FL00189,11/10/2024,Economy,252532,194255,,
BK01171,P00181,FL00786,11/10/2024,Economy,220431,169562,,
BK01172,P00475,FL00287,11/11/2024,Economy,325576,250443,,
BK01173,P00487,FL00162,11/12/2024,Economy,319042,245417,,
BK01174,P00274,FL00469,11/12/2024,Economy,517243,397879,,
BK01175,P00116,FL00466,11/13/2024,Economy,495009,380776,,
BK01176,P00447,FL00766,11/14/2024,Economy,68682,52832,,
BK01177,P00422,FL00833,11/14/2024,First Class,1368818,1052937,,
BK01178,P00021,FL00849,11/15/2024,Economy,132974,102288,,
BK01179,P00487,FL00304,11/16/2024,Economy,502546,386574,,
BK01180,P00288,FL00813,11/16/2024,Business,884378,680291,,
BK01181,P00201,FL00455,11/17/2024,Economy,730679,562061,,
BK01182,P00175,FL00127,11/18/2024,First Class,309830,238331,,
BK01183,P00279,FL00365,11/18/2024,Economy,339013,260779,,
BK01184,P00328,FL00051,11/19/2024,Economy,480275,369442,,
BK01185,P00274,FL00145,11/20/2024,Economy,389030,299254,,
BK01186,P00363,FL00849,11/20/2024,Economy,136098,104691,,
BK01187,P00034,FL00494,11/21/2024,Economy,687196,528612,,
BK01188,P00254,FL00650,11/22/2024,Economy,417775,321365,,
BK01189,P00214,FL00410,11/22/2024,Business,918280,706369,,
BK01190,P00241,FL00905,11/23/2024,Business,326413,251087,,
BK01191,P00229,FL00953,11/24/2024,Business,715044,550034,,
BK01192,P00176,FL00956,11/24/2024,Economy,78276,60212,,
BK01193,P00241,FL00877,11/25/2024,Economy,476987,366913,,
BK01194,P00315,FL00071,11/26/2024,Economy,586411,451085,,
BK01195,P00011,FL00879,11/26/2024,Economy,306831,236024,,
BK01196,P00145,FL00196,11/27/2024,Economy,666120,512400,,
BK01197,P00174,FL00471,11/28/2024,First Class,791534,608872,,
BK01198,P00029,FL00575,11/28/2024,Business,755122,580863,,
BK01199,P00419,FL00484,11/29/2024,Economy,390221,300170,,
BK01200,P00302,FL00743,11/30/2024,Economy,60869,46822,,
